{
  "openapi": "3.0.0",
  "info": {
    "title": "API Clínica",
    "description": "API para gerenciamento de clínica médica",
    "version": "1.0.0"
  },
  "servers": [
    {
      "url": "http://localhost/api_clinica/public",
      "description": "Servidor local"
    }
  ],
  "components": {
    "securitySchemes": {
      "bearerAuth": {
        "type": "http",
        "scheme": "bearer",
        "bearerFormat": "JWT"
      }
    },
    "schemas": {
      "LoginRequest": {
        "type": "object",
        "required": ["email", "senha"],
        "properties": {
          "email": {
            "type": "string",
            "format": "email",
            "description": "Email do usuário"
          },
          "senha": {
            "type": "string",
            "format": "password",
            "description": "Senha do usuário"
          }
        }
      },
      "LoginResponse": {
        "type": "object",
        "properties": {
          "message": {
            "type": "string",
            "example": "Login realizado com sucesso"
          },
          "usuario": {
            "$ref": "#/components/schemas/UsuarioSimples"
          },
          "token": {
            "type": "string",
            "description": "JWT Token para autenticação"
          }
        }
      },
      "UsuarioSimples": {
        "type": "object",
        "properties": {
          "id": {
            "type": "integer",
            "description": "ID do usuário"
          },
          "nome": {
            "type": "string",
            "description": "Nome do usuário"
          },
          "email": {
            "type": "string",
            "description": "Email do usuário"
          },
          "tipo": {
            "type": "string",
            "enum": ["admin", "profissional"],
            "description": "Tipo do usuário"
          }
        }
      },
      "NovoUsuario": {
        "type": "object",
        "required": ["nome", "email", "senha", "tipo"],
        "properties": {
          "nome": {
            "type": "string",
            "description": "Nome do usuário"
          },
          "email": {
            "type": "string",
            "format": "email",
            "description": "Email do usuário"
          },
          "senha": {
            "type": "string",
            "format": "password",
            "description": "Senha do usuário"
          },
          "tipo": {
            "type": "string",
            "enum": ["admin", "profissional"],
            "description": "Tipo do usuário"
          }
        }
      },
      "Agendamento": {
        "type": "object",
        "required": ["profissional_id", "clinica_id", "procedimento_id", "paciente_nome", "paciente_telefone", "data_agendamento", "hora_inicio", "hora_fim"],
        "properties": {
          "profissional_id": {
            "type": "integer",
            "description": "ID do profissional"
          },
          "clinica_id": {
            "type": "integer",
            "description": "ID da clínica"
          },
          "procedimento_id": {
            "type": "integer",
            "description": "ID do procedimento"
          },
          "paciente_nome": {
            "type": "string",
            "description": "Nome do paciente"
          },
          "paciente_telefone": {
            "type": "string",
            "description": "Telefone do paciente"
          },
          "data_agendamento": {
            "type": "string",
            "format": "date",
            "description": "Data do agendamento (YYYY-MM-DD)"
          },
          "hora_inicio": {
            "type": "string",
            "format": "time",
            "description": "Hora de início (HH:MM:SS)"
          },
          "hora_fim": {
            "type": "string",
            "format": "time",
            "description": "Hora de fim (HH:MM:SS)"
          }
        }
      },
      "Error": {
        "type": "object",
        "properties": {
          "error": {
            "type": "string",
            "description": "Mensagem de erro"
          }
        }
      }
    }
  },
  "paths": {
    "/login": {
      "post": {
        "tags": ["Autenticação"],
        "summary": "Autenticar usuário",
        "description": "Realiza o login do usuário e retorna um token JWT",
        "requestBody": {
          "required": true,
          "content": {
            "application/json": {
              "schema": {
                "$ref": "#/components/schemas/LoginRequest"
              }
            }
          }
        },
        "responses": {
          "200": {
            "description": "Login realizado com sucesso",
            "content": {
              "application/json": {
                "schema": {
                  "$ref": "#/components/schemas/LoginResponse"
                }
              }
            }
          },
          "401": {
            "description": "Credenciais inválidas",
            "content": {
              "application/json": {
                "schema": {
                  "$ref": "#/components/schemas/Error"
                }
              }
            }
          }
        }
      }
    },
    "/usuarios": {
      "get": {
        "security": [{ "bearerAuth": [] }],
        "tags": ["Usuários"],
        "summary": "Listar usuários",
        "description": "Lista todos os usuários (requer autenticação admin)",
        "responses": {
          "200": {
            "description": "Lista de usuários",
            "content": {
              "application/json": {
                "schema": {
                  "type": "array",
                  "items": {
                    "$ref": "#/components/schemas/UsuarioSimples"
                  }
                }
              }
            }
          },
          "401": {
            "description": "Não autorizado",
            "content": {
              "application/json": {
                "schema": {
                  "$ref": "#/components/schemas/Error"
                }
              }
            }
          }
        }
      },
      "post": {
        "security": [{ "bearerAuth": [] }],
        "tags": ["Usuários"],
        "summary": "Criar usuário",
        "description": "Cria um novo usuário (requer autenticação admin)",
        "requestBody": {
          "required": true,
          "content": {
            "application/json": {
              "schema": {
                "$ref": "#/components/schemas/NovoUsuario"
              }
            }
          }
        },
        "responses": {
          "201": {
            "description": "Usuário criado com sucesso",
            "content": {
              "application/json": {
                "schema": {
                  "type": "object",
                  "properties": {
                    "message": {
                      "type": "string",
                      "example": "Usuário criado com sucesso"
                    },
                    "id": {
                      "type": "integer",
                      "example": 1
                    }
                  }
                }
              }
            }
          },
          "400": {
            "description": "Dados inválidos",
            "content": {
              "application/json": {
                "schema": {
                  "$ref": "#/components/schemas/Error"
                }
              }
            }
          }
        }
      }
    },
    "/agendamentos": {
      "get": {
        "security": [{ "bearerAuth": [] }],
        "tags": ["Agendamentos"],
        "summary": "Listar agendamentos",
        "description": "Lista todos os agendamentos",
        "responses": {
          "200": {
            "description": "Lista de agendamentos",
            "content": {
              "application/json": {
                "schema": {
                  "type": "array",
                  "items": {
                    "$ref": "#/components/schemas/Agendamento"
                  }
                }
              }
            }
          }
        }
      },
      "post": {
        "security": [{ "bearerAuth": [] }],
        "tags": ["Agendamentos"],
        "summary": "Criar agendamento",
        "description": "Cria um novo agendamento",
        "requestBody": {
          "required": true,
          "content": {
            "application/json": {
              "schema": {
                "$ref": "#/components/schemas/Agendamento"
              }
            }
          }
        },
        "responses": {
          "201": {
            "description": "Agendamento criado com sucesso",
            "content": {
              "application/json": {
                "schema": {
                  "type": "object",
                  "properties": {
                    "message": {
                      "type": "string",
                      "example": "Agendamento criado com sucesso"
                    },
                    "id": {
                      "type": "integer",
                      "example": 1
                    }
                  }
                }
              }
            }
          },
          "400": {
            "description": "Dados inválidos",
            "content": {
              "application/json": {
                "schema": {
                  "$ref": "#/components/schemas/Error"
                }
              }
            }
          }
        }
      }
    },
    "/agendamentos/{id}": {
      "put": {
        "security": [{ "bearerAuth": [] }],
        "tags": ["Agendamentos"],
        "summary": "Atualizar status do agendamento",
        "description": "Atualiza o status de um agendamento existente",
        "parameters": [
          {
            "name": "id",
            "in": "path",
            "required": true,
            "schema": {
              "type": "integer"
            },
            "description": "ID do agendamento"
          }
        ],
        "requestBody": {
          "required": true,
          "content": {
            "application/json": {
              "schema": {
                "type": "object",
                "required": ["status"],
                "properties": {
                  "status": {
                    "type": "string",
                    "enum": ["confirmado", "cancelado", "realizado"],
                    "description": "Novo status do agendamento"
                  }
                }
              }
            }
          }
        },
        "responses": {
          "200": {
            "description": "Status atualizado com sucesso",
            "content": {
              "application/json": {
                "schema": {
                  "type": "object",
                  "properties": {
                    "message": {
                      "type": "string",
                      "example": "Status do agendamento atualizado com sucesso"
                    }
                  }
                }
              }
            }
          },
          "404": {
            "description": "Agendamento não encontrado",
            "content": {
              "application/json": {
                "schema": {
                  "$ref": "#/components/schemas/Error"
                }
              }
            }
          }
        }
      }
    },
    "/profissionais/{id}/clinicas/{clinicaId}/horarios-disponiveis": {
      "get": {
        "security": [{ "bearerAuth": [] }],
        "tags": ["Profissionais"],
        "summary": "Listar horários disponíveis",
        "description": "Lista os horários disponíveis de um profissional em uma clínica",
        "parameters": [
          {
            "name": "id",
            "in": "path",
            "required": true,
            "schema": {
              "type": "integer"
            },
            "description": "ID do profissional"
          },
          {
            "name": "clinicaId",
            "in": "path",
            "required": true,
            "schema": {
              "type": "integer"
            },
            "description": "ID da clínica"
          },
          {
            "name": "data",
            "in": "query",
            "schema": {
              "type": "string",
              "format": "date"
            },
            "description": "Data para consulta (YYYY-MM-DD)"
          },
          {
            "name": "procedimento_id",
            "in": "query",
            "schema": {
              "type": "integer"
            },
            "description": "ID do procedimento"
          }
        ],
        "responses": {
          "200": {
            "description": "Lista de horários disponíveis",
            "content": {
              "application/json": {
                "schema": {
                  "type": "array",
                  "items": {
                    "type": "object",
                    "properties": {
                      "hora_inicio": {
                        "type": "string",
                        "format": "time",
                        "example": "09:00:00"
                      },
                      "hora_fim": {
                        "type": "string",
                        "format": "time",
                        "example": "09:30:00"
                      }
                    }
                  }
                }
              }
            }
          },
          "404": {
            "description": "Profissional não encontrado ou não atende neste dia",
            "content": {
              "application/json": {
                "schema": {
                  "$ref": "#/components/schemas/Error"
                }
              }
            }
          }
        }
      }
    },
    "/profissionais/{id}/clinicas/{clinicaId}/horarios": {
      "get": {
        "security": [{ "bearerAuth": [] }],
        "tags": ["Profissionais"],
        "summary": "Buscar horários de trabalho",
        "description": "Busca os horários de trabalho de um profissional em uma clínica",
        "parameters": [
          {
            "name": "id",
            "in": "path",
            "required": true,
            "schema": {
              "type": "integer"
            },
            "description": "ID do profissional"
          },
          {
            "name": "clinicaId",
            "in": "path",
            "required": true,
            "schema": {
              "type": "integer"
            },
            "description": "ID da clínica"
          }
        ],
        "responses": {
          "200": {
            "description": "Lista de horários de trabalho",
            "content": {
              "application/json": {
                "schema": {
                  "type": "array",
                  "items": {
                    "type": "object",
                    "properties": {
                      "id": {
                        "type": "integer",
                        "description": "ID do horário de trabalho"
                      },
                      "dia_semana": {
                        "type": "integer",
                        "description": "Dia da semana (0 = Domingo, 6 = Sábado)",
                        "minimum": 0,
                        "maximum": 6
                      },
                      "hora_inicio": {
                        "type": "string",
                        "format": "time",
                        "example": "09:00:00"
                      },
                      "hora_fim": {
                        "type": "string",
                        "format": "time",
                        "example": "18:00:00"
                      }
                    }
                  }
                }
              }
            }
          },
          "404": {
            "description": "Profissional não encontrado ou não vinculado à clínica",
            "content": {
              "application/json": {
                "schema": {
                  "$ref": "#/components/schemas/Error"
                }
              }
            }
          }
        }
      }
    }
  },
  "security": [
    {
      "bearerAuth": []
    }
  ]
}
