{
  "openapi": "3.0.0",
  "info": {
    "title": "API Clínica",
    "description": "API para gerenciamento de clínicas médicas",
    "version": "1.0.0"
  },
  "servers": [
    {
      "url": "http://localhost/api_clinica/public",
      "description": "Servidor Local"
    }
  ],
  "paths": {
    "/login": {
      "post": {
        "summary": "Autenticar usuário",
        "tags": ["Autenticação"],
        "requestBody": {
          "required": true,
          "content": {
            "application/json": {
              "schema": {
                "type": "object",
                "properties": {
                  "email": {
                    "type": "string",
                    "format": "email"
                  },
                  "senha": {
                    "type": "string"
                  }
                },
                "required": ["email", "senha"]
              }
            }
          }
        },
        "responses": {
          "200": {
            "description": "Login realizado com sucesso",
            "content": {
              "application/json": {
                "schema": {
                  "type": "object",
                  "properties": {
                    "message": {
                      "type": "string"
                    },
                    "usuario": {
                      "type": "object",
                      "properties": {
                        "id": {
                          "type": "integer"
                        },
                        "nome": {
                          "type": "string"
                        },
                        "email": {
                          "type": "string"
                        },
                        "tipo": {
                          "type": "string",
                          "enum": ["admin", "profissional", "paciente"]
                        }
                      }
                    }
                  }
                }
              }
            }
          },
          "400": {
            "description": "Dados inválidos"
          },
          "401": {
            "description": "Credenciais inválidas"
          }
        }
      }
    },
    "/usuarios": {
      "post": {
        "summary": "Criar novo usuário",
        "tags": ["Usuários"],
        "requestBody": {
          "required": true,
          "content": {
            "application/json": {
              "schema": {
                "type": "object",
                "properties": {
                  "nome": {
                    "type": "string"
                  },
                  "email": {
                    "type": "string",
                    "format": "email"
                  },
                  "senha": {
                    "type": "string"
                  },
                  "tipo": {
                    "type": "string",
                    "enum": ["admin", "profissional", "paciente"]
                  }
                },
                "required": ["nome", "email", "senha", "tipo"]
              }
            }
          }
        },
        "responses": {
          "201": {
            "description": "Usuário criado com sucesso"
          },
          "400": {
            "description": "Dados inválidos"
          },
          "409": {
            "description": "Email já cadastrado"
          }
        }
      }
    },
    "/profissionais": {
      "get": {
        "summary": "Listar profissionais",
        "tags": ["Profissionais"],
        "responses": {
          "200": {
            "description": "Lista de profissionais",
            "content": {
              "application/json": {
                "schema": {
                  "type": "array",
                  "items": {
                    "type": "object",
                    "properties": {
                      "id": {
                        "type": "integer"
                      },
                      "nome": {
                        "type": "string"
                      },
                      "email": {
                        "type": "string"
                      },
                      "especialidade": {
                        "type": "string"
                      }
                    }
                  }
                }
              }
            }
          }
        }
      }
    },
    "/profissionais/{id}/clinicas": {
      "get": {
        "summary": "Listar clínicas do profissional",
        "tags": ["Profissionais"],
        "parameters": [
          {
            "name": "id",
            "in": "path",
            "required": true,
            "schema": {
              "type": "integer"
            }
          }
        ],
        "responses": {
          "200": {
            "description": "Lista de clínicas"
          },
          "404": {
            "description": "Profissional não encontrado"
          }
        }
      }
    },
    "/profissionais/{profissionalId}/clinicas/{clinicaId}/horarios-disponiveis": {
      "get": {
        "summary": "Buscar horários disponíveis",
        "tags": ["Agendamentos"],
        "parameters": [
          {
            "name": "profissionalId",
            "in": "path",
            "required": true,
            "schema": {
              "type": "integer"
            }
          },
          {
            "name": "clinicaId",
            "in": "path",
            "required": true,
            "schema": {
              "type": "integer"
            }
          },
          {
            "name": "data",
            "in": "query",
            "schema": {
              "type": "string",
              "format": "date"
            }
          },
          {
            "name": "procedimento_id",
            "in": "query",
            "schema": {
              "type": "integer"
            }
          }
        ],
        "responses": {
          "200": {
            "description": "Lista de horários disponíveis",
            "content": {
              "application/json": {
                "schema": {
                  "type": "object",
                  "properties": {
                    "data": {
                      "type": "string",
                      "format": "date"
                    },
                    "dia_semana": {
                      "type": "string"
                    },
                    "duracao_procedimento": {
                      "type": "integer"
                    },
                    "horarios_disponiveis": {
                      "type": "array",
                      "items": {
                        "type": "object",
                        "properties": {
                          "inicio": {
                            "type": "string",
                            "format": "time"
                          },
                          "fim": {
                            "type": "string",
                            "format": "time"
                          }
                        }
                      }
                    }
                  }
                }
              }
            }
          },
          "400": {
            "description": "Data inválida"
          },
          "404": {
            "description": "Profissional não encontrado ou não atende neste dia"
          }
        }
      }
    },
    "/clinicas": {
      "get": {
        "summary": "Listar clínicas",
        "tags": ["Clínicas"],
        "responses": {
          "200": {
            "description": "Lista de clínicas",
            "content": {
              "application/json": {
                "schema": {
                  "type": "array",
                  "items": {
                    "type": "object",
                    "properties": {
                      "id": {
                        "type": "integer"
                      },
                      "nome": {
                        "type": "string"
                      },
                      "endereco": {
                        "type": "string"
                      },
                      "telefone": {
                        "type": "string"
                      }
                    }
                  }
                }
              }
            }
          }
        }
      }
    },
    "/procedimentos": {
      "get": {
        "summary": "Listar procedimentos",
        "tags": ["Procedimentos"],
        "responses": {
          "200": {
            "description": "Lista de procedimentos",
            "content": {
              "application/json": {
                "schema": {
                  "type": "array",
                  "items": {
                    "type": "object",
                    "properties": {
                      "id": {
                        "type": "integer"
                      },
                      "nome": {
                        "type": "string"
                      },
                      "descricao": {
                        "type": "string"
                      },
                      "duracao": {
                        "type": "integer"
                      },
                      "especialidade": {
                        "type": "string"
                      }
                    }
                  }
                }
              }
            }
          }
        }
      }
    },
    "/especialidades/procedimentos/{id}": {
      "get": {
        "summary": "Listar procedimentos por especialidade",
        "tags": ["Procedimentos"],
        "parameters": [
          {
            "name": "id",
            "in": "path",
            "required": true,
            "schema": {
              "type": "integer"
            }
          }
        ],
        "responses": {
          "200": {
            "description": "Lista de procedimentos da especialidade"
          },
          "404": {
            "description": "Especialidade não encontrada"
          }
        }
      }
    },
    "/agendamentos": {
      "get": {
        "summary": "Listar agendamentos",
        "tags": ["Agendamentos"],
        "responses": {
          "200": {
            "description": "Lista de agendamentos",
            "content": {
              "application/json": {
                "schema": {
                  "type": "array",
                  "items": {
                    "type": "object",
                    "properties": {
                      "id": {
                        "type": "integer"
                      },
                      "profissional_nome": {
                        "type": "string"
                      },
                      "clinica_nome": {
                        "type": "string"
                      },
                      "procedimento_nome": {
                        "type": "string"
                      },
                      "paciente_nome": {
                        "type": "string"
                      },
                      "data_agendamento": {
                        "type": "string",
                        "format": "date"
                      },
                      "hora_inicio": {
                        "type": "string",
                        "format": "time"
                      },
                      "hora_fim": {
                        "type": "string",
                        "format": "time"
                      },
                      "status": {
                        "type": "string",
                        "enum": ["agendado", "confirmado", "cancelado", "realizado"]
                      }
                    }
                  }
                }
              }
            }
          }
        }
      },
      "post": {
        "summary": "Criar agendamento",
        "tags": ["Agendamentos"],
        "requestBody": {
          "required": true,
          "content": {
            "application/json": {
              "schema": {
                "type": "object",
                "properties": {
                  "profissional_id": {
                    "type": "integer"
                  },
                  "clinica_id": {
                    "type": "integer"
                  },
                  "procedimento_id": {
                    "type": "integer"
                  },
                  "data_agendamento": {
                    "type": "string",
                    "format": "date"
                  },
                  "hora_inicio": {
                    "type": "string",
                    "format": "time"
                  },
                  "paciente_nome": {
                    "type": "string"
                  },
                  "paciente_telefone": {
                    "type": "string"
                  },
                  "observacoes": {
                    "type": "string"
                  }
                },
                "required": [
                  "profissional_id",
                  "clinica_id",
                  "procedimento_id",
                  "data_agendamento",
                  "hora_inicio",
                  "paciente_nome",
                  "paciente_telefone"
                ]
              }
            }
          }
        },
        "responses": {
          "201": {
            "description": "Agendamento criado com sucesso"
          },
          "400": {
            "description": "Dados inválidos ou horário indisponível"
          },
          "404": {
            "description": "Profissional ou clínica não encontrados"
          }
        }
      }
    },
    "/agendamentos/{id}": {
      "put": {
        "summary": "Atualizar status do agendamento",
        "tags": ["Agendamentos"],
        "parameters": [
          {
            "name": "id",
            "in": "path",
            "required": true,
            "schema": {
              "type": "integer"
            }
          }
        ],
        "requestBody": {
          "required": true,
          "content": {
            "application/json": {
              "schema": {
                "type": "object",
                "properties": {
                  "status": {
                    "type": "string",
                    "enum": ["agendado", "confirmado", "cancelado", "realizado"]
                  }
                },
                "required": ["status"]
              }
            }
          }
        },
        "responses": {
          "200": {
            "description": "Status atualizado com sucesso"
          },
          "400": {
            "description": "Status inválido"
          },
          "404": {
            "description": "Agendamento não encontrado"
          }
        }
      }
    },
    "/agendamentos/{id}/cancelar": {
      "post": {
        "summary": "Cancelar agendamento",
        "tags": ["Agendamentos"],
        "parameters": [
          {
            "name": "id",
            "in": "path",
            "required": true,
            "schema": {
              "type": "integer"
            }
          }
        ],
        "responses": {
          "200": {
            "description": "Agendamento cancelado com sucesso"
          },
          "400": {
            "description": "Não é possível cancelar este agendamento"
          },
          "404": {
            "description": "Agendamento não encontrado"
          }
        }
      }
    },
    "/horarios_trabalho": {
      "post": {
        "summary": "Adicionar horário de trabalho",
        "tags": ["Horários de Trabalho"],
        "requestBody": {
          "required": true,
          "content": {
            "application/json": {
              "schema": {
                "type": "object",
                "properties": {
                  "profissional_id": {
                    "type": "integer"
                  },
                  "clinica_id": {
                    "type": "integer"
                  },
                  "dia_semana": {
                    "type": "integer",
                    "minimum": 0,
                    "maximum": 6
                  },
                  "hora_inicio": {
                    "type": "string",
                    "format": "time"
                  },
                  "hora_fim": {
                    "type": "string",
                    "format": "time"
                  }
                },
                "required": [
                  "profissional_id",
                  "clinica_id",
                  "dia_semana",
                  "hora_inicio",
                  "hora_fim"
                ]
              }
            }
          }
        },
        "responses": {
          "201": {
            "description": "Horário de trabalho adicionado com sucesso"
          },
          "400": {
            "description": "Dados inválidos"
          },
          "404": {
            "description": "Profissional ou clínica não encontrados"
          }
        }
      }
    }
  },
  "components": {
    "schemas": {
      "Error": {
        "type": "object",
        "properties": {
          "error": {
            "type": "string"
          }
        }
      }
    }
  }
}
